company,email,evidence,contact_name,website,role,notes,country,price_eur
Liberty Dental Clinic UAE,info@lmg.ae,"Dubai + Abu Dhabi branches publish appointments@ and info@ while booking still splits across two phone numbers and a generic contact form — no single campaign landing for a flagship treatment offer.",,https://libertydentalclinic.ae/,owner,EUR10k digital ops package,uae,10000
Central Clinic Abu Dhabi,info@centralclinic.ae,"Prices are published and WhatsApp is the booking path (054 999 3859) — strong for chat, weak for a focused treatment-package landing that captures after-hours leads into one funnel.",,https://centralclinic.ae/,owner,EUR10k digital ops package,uae,10000
German Dental Center Dubai,info@gdc.me,"Luxury DMCC clinic contact is phone + info@gdc.me with no dedicated conversion landing for a single high-ticket treatment package visible on the public about/contact path.",,https://drhamdyalbanna.com/,owner,EUR10k digital ops package,uae,10000
Clinic Dr Paris London,info@drparis.co.uk,"Marylebone aesthetics clinic lists limited weekday hours and routes enquiries to info@ / WhatsApp — no single new-patient campaign landing for the complimentary virtual consult offer.",,https://drparis.co.uk/,owner,EUR10k digital ops package,uk,10000
Hotel Bayard Lyon,info@hotelbayard.fr,"Charm hotel on Place Bellecour lists info@hotelbayard.fr and phone for contact — festival/offer pages are not a dedicated conversion landing with automated enquiry follow-up.",,https://www.hotelbayard.fr/,owner,EUR10k digital ops package,france,10000
9Hotel Bastille-Lyon Paris,info@9hotelbastillelyon.com,"Paris hotel publishes info@9hotelbastillelyon.com and phone; direct-book CTA competes with OTAs — a focused direct-book landing plus enquiry automation is the EUR10k package fit.",,https://www.9-hotel-bastille-lyon.fr/,owner,EUR10k digital ops package,france,10000
Magellan Solutions Philippines,hello@magellan-solutions.com,"Manila BPO lists hello@ and multi-country phone lines; SME prospect intake still starts from a long contact form — a scoped client-intake landing + triage automation is the package, not competing BPO seats.",,https://www.magellan-solutions.com/,owner,EUR10k digital ops package,philippines,10000
Cotti Johnson HVAC Massachusetts,info@cottijohnson.com,"Raynham MA HVAC/plumbing/electrical routes scheduling to 508-301-1831 and info@ — multi-trade after-hours missed calls are a visible ops bottleneck for a EUR10k landing+automation package.",,https://cottijohnsonhvac.com/,owner,EUR10k digital ops package,usa,10000
HVAC247PRO Houston,office@hvac247pro.com,"Houston 24/7 emergency HVAC site pushes phone (346) 451-1559 and office@ — online request form without described missed-call automation is the after-hours leak.",,https://tx.hvac247pro.com/,owner,EUR10k digital ops package,usa,10000
